Workbook

Sheet Programs
A1: source_id | B1: nation_or_program | C1: state | D1: scope | E1: list_name | F1: list_type | G1: priority_class | H1: processing_status | I1: acquisition_mode | J1: format | K1: scrape_grade | L1: automation_score | M1: refresh_cadence | N1: approx_records | O1: authority | P1: rule_confidence | Q1: directory_url | R1: last_checked
A2: TBD-165 | B2: Alaska Native Village Corporation Association | C2: AK | D2: regional | E2: ANVCA Member Village Corporations | F2: ANC association membership | G2: Coverage Frame | H2: Complementary | I2: Crawl membership page for entity enumeration | J2: HTML | K2: C | L2: 2 | M2: Quarterly | O2: Alaska Native Village Corporation Association | P2: High | Q2: https://anvca.biz/ | R2: 2026-08-27
A3: TBD-164 | B3: Oklahoma Department of Commerce | C3: OK | D3: regional | E3: Minority Business Certification Programs: Oklahoma TERO Program Enumeration | F3: State TERO coverage index | G3: Coverage Frame | H3: Complementary | I3: Periodic PDF pull for program enumeration | J3: PDF | K3: C | L3: 2 | M3: Quarterly | O3: Oklahoma Department of Commerce | P3: High | Q3: https://www.okcommerce.gov/wp-content/uploads/Minority-Business-Certification-Programs.pdf | R3: 2026-08-27
A4: TBD-163 | B4: Council for Tribal Employment Rights | C4: US | D4: national | E4: CTER National TERO Program Coverage Frame | F4: National TERO umbrella organization | G4: Coverage Frame | H4: Complementary | I4: Crawl for TERO program enumeration and hosted documents | J4: HTML plus hosted PDFs | K4: C | L4: 2 | M4: Quarterly | O4: Council for Tribal Employment Rights | P4: High | Q4: https://cter-tero.org/ | R4: 2026-08-27
A5: TBD-162 | B5: Washington Office of Minority and Women’s Business Enterprises | C5: WA | D5: regional | E5: OMWBE Certified Businesses Directory: Native American Categories | F5: State certified-vendor directory | G5: Cross-Reference | H5: Complementary | I5: Directory query filtered to Native categories; monthly XLSX deltas | J5: Dynamic ASP directory plus monthly XLSX | K5: B | L5: 3 | M5: Monthly | O5: Washington State Office of Minority and Women’s Business Enterprises | P5: High | Q5: https://omwbe.diversitycompliance.com/FrontEnd/SearchCertifiedDirectory.asp | R5: 2026-08-27
A6: TBD-144 | B6: South Dakota Department of Transportation | C6: SD | D6: regional | E6: South Dakota Tribal TERO Compliance Resource Index | F6: Coverage frame | G6: Coverage Frame | H6: Complementary | I6: Landing-page and link-index scrape | J6: HTML plus linked PDFs | K6: A | L6: 4 | M6: Quarterly | O6: South Dakota Department of Transportation | P6: High | Q6: https://dot.sd.gov/programs-services/civil-rights/tribal-relations-tero/ | R6: 2026-08-27
A7: TBD-143 | B7: Minnesota Department of Transportation | C7: MN | D7: regional | E7: Minnesota Tribal Employment Rights Office Coverage Frame | F7: Coverage frame | G7: Coverage Frame | H7: Complementary | I7: Structured reference scrape | J7: HTML | K7: A | L7: 4 | M7: Quarterly | N7: 11 tribal contacts | O7: Minnesota Department of Transportation | P7: High | Q7: https://www.dot.state.mn.us/civilrights/tribal-employment-rights-offices.html | R7: 2026-08-27
A8: TBD-072 | B8: Bureau of Indian Affairs | C8: National | D8: national | E8: Tribal Leaders Directory | F8: Coverage frame | G8: Coverage Frame | H8: Complementary | I8: Direct download | J8: HTML plus CSV/XLSX | K8: A+ | L8: 5 | M8: Monthly | N8: 575 tribes (2026 listing) | O8: U.S. Bureau of Indian Affairs | P8: High | Q8: https://www.bia.gov/service/tribal-leaders-directory | R8: 2026-08-27
A9: TBD-152 | B9: American Indian Chamber of Commerce of Arizona | C9: AZ | D9: regional | E9: AICCAZ Members Directory | F9: Regional chamber directory | G9: Cross-Reference | H9: Complementary | I9: Browser-assisted crawl or embedded endpoint discovery | J9: Dynamic MembershipWorks directory | K9: C | L9: 2 | M9: Monthly | O9: American Indian Chamber of Commerce of Arizona | P9: High | Q9: https://www.aiccaz.com/members-directory-page | R9: 2026-08-27
A10: TBD-148 | B10: Minnesota Indigenous Business Alliance | C10: MN | D10: regional | E10: Buy Native Biz Directory | F10: Regional and national Native-business directory | G10: Cross-Reference | H10: Complementary | I10: Endpoint discovery or browser-assisted crawl | J10: Dynamic web directory | K10: C | L10: 2 | M10: Monthly | O10: Minnesota Indigenous Business Alliance | P10: Medium | Q10: https://directory.mniba.org/ | R10: 2026-08-27
A11: TBD-017 | B11: Sault Tribe Business Alliance | C11: MI | D11: single_nation | E11: Business Directory | F11: Cross-tribal directory | G11: Cross-Reference | H11: Complementary | I11: Dynamic DOM scrape | J11: Dynamic web directory | K11: C | L11: 2 | M11: Monthly | O11: Tribal-affiliated nonprofit/chamber | P11: Medium | Q11: https://www.stballiance.org/directory | R11: 2026-08-27
A12: TBD-155 | B12: Montana Department of Commerce | C12: MT | D12: regional | E12: Native American Made in Montana Product Directory | F12: State product and producer directory | G12: Cross-Reference | H12: Complementary | I12: Filter-aware directory scrape | J12: Searchable state directory | K12: B | L12: 3 | M12: Quarterly | O12: Montana Department of Commerce | P12: High | Q12: https://commerce.mt.gov/Business/Programs-and-Services/Made-in-Montana/Products | R12: 2026-08-27
A13: TBD-154 | B13: Rocky Mountain Indian Chamber of Commerce | C13: CO / Rocky Mountain | D13: regional | E13: RMICC Member List | F13: Regional chamber directory | G13: Cross-Reference | H13: Complementary | I13: DOM scrape | J13: HTML member/sponsor list | K13: B | L13: 3 | M13: Quarterly | O13: Rocky Mountain Indian Chamber of Commerce | P13: Medium | Q13: https://rmicc.org/ | R13: 2026-08-27
A14: TBD-153 | B14: American Indian Chamber of Commerce of Oklahoma | C14: OK | D14: regional | E14: AICCO Member Directory | F14: Statewide chamber directory | G14: Cross-Reference | H14: Complementary | I14: Pagination/API discovery | J14: GrowthZone directory | K14: B | L14: 3 | M14: Monthly | O14: American Indian Chamber of Commerce of Oklahoma | P14: High | Q14: https://business.aiccok.org/directory | R14: 2026-08-27
A15: TBD-151 | B15: Northwest Native Chamber | C15: OR / WA / Northwest | D15: regional | E15: Native Member Directory | F15: Regional Native-member directory | G15: Cross-Reference | H15: Complementary | I15: Endpoint discovery plus profile crawl | J15: Dynamic map and profile pages | K15: B | L15: 3 | M15: Monthly | O15: Northwest Native Chamber | P15: High | Q15: https://nwnc.org/native-member-directory/ | R15: 2026-08-27
A16: TBD-147 | B16: Native American Community Development Institute | C16: MN | D16: regional | E16: NACDI Indigenous Resource Directory | F16: Regional resource and business directory | G16: Cross-Reference | H16: Complementary | I16: Filter-aware DOM scrape | J16: Filterable HTML directory | K16: B | L16: 3 | M16: Monthly | O16: Native American Community Development Institute | P16: High | Q16: https://nacdi.org/directory/ | R16: 2026-08-27
A17: TBD-146 | B17: Minnesota American Indian Chamber of Commerce | C17: MN | D17: regional | E17: MAICC Member Directory | F17: Regional chamber directory | G17: Cross-Reference | H17: Complementary | I17: DOM scrape or directory endpoint discovery | J17: Dynamic member directory | K17: B | L17: 3 | M17: Monthly | O17: Minnesota American Indian Chamber of Commerce | P17: High | Q17: https://maicc.org/directory/ | R17: 2026-08-27
A18: TBD-071 | B18: Washington Native American Chamber of Commerce | C18: WA | D18: regional | E18: Member Business Directory | F18: Cross-tribal directory | G18: Cross-Reference | H18: Complementary | I18: Directory scrape after endpoint verification | J18: Web directory / membership site | K18: B | L18: 3 | M18: Quarterly | O18: Native chamber of commerce | P18: High | Q18: https://www.wnacc.org/ | R18: 2026-08-27
A19: TBD-069 | B19: American Indigenous Business Leaders | C19: National | D19: national | E19: Business Directory | F19: Cross-tribal directory | G19: Cross-Reference | H19: Complementary | I19: DOM scrape/API discovery | J19: Web directory | K19: B | L19: 3 | M19: Quarterly | O19: Native nonprofit | P19: Medium | Q19: https://aibl.org/business-directory/ | R19: 2026-08-27
A20: TBD-067 | B20: Washington Native Business Center | C20: WA | D20: regional | E20: Native Business Directory | F20: Cross-tribal directory | G20: Cross-Reference | H20: Complementary | I20: DOM scrape/API discovery | J20: Web directory | K20: B | L20: 3 | M20: Monthly | O20: Native business-support organization | P20: Medium | Q20: https://nativebusinesscenter.com/business-directory/ | R20: 2026-08-27
A21: TBD-066 | B21: Bureau of Indian Affairs / Buy Indian | C21: National | D21: national | E21: Buy Indian Native Vendor Resources / SAM Vendors | F21: Cross-tribal directory | G21: Cross-Reference | H21: Complementary | I21: API/data join | J21: HTML plus external procurement systems | K21: B | L21: 3 | M21: Monthly | O21: U.S. Department of the Interior / BIA | P21: Medium | Q21: https://www.bia.gov/as-ia/ocfo/buy-indian-act-info | R21: 2026-08-27
A22: TBD-065 | B22: Minneapolis Fed / Center for Indian Country Development | C22: National | D22: national | E22: Native Entity Enterprise Dataset (NEED) | F22: Government-owned enterprise dataset | G22: Cross-Reference | H22: Complementary | I22: Download or request dataset | J22: Dataset / research page | K22: B | L22: 3 | M22: Annual | N22: 5,559 establishments / 344 tribes | O22: Federal Reserve Bank of Minneapolis | P22: High | Q22: https://www.minneapolisfed.org/article/2025/new-data-showcase-the-breadth-of-tribally-owned-businesses | R22: 2026-08-27
A23: TBD-156 | B23: Colorado Department of Agriculture / Colorado Proud | C23: CO | D23: regional | E23: Native American-Owned Food and Agriculture Businesses | F23: State sector directory | G23: Cross-Reference | H23: Complementary | I23: Static DOM scrape | J23: HTML profiles/list | K23: A | L23: 4 | M23: Quarterly | O23: Colorado Department of Agriculture | P23: Medium | Q23: https://coloradoproud.com/nativeowned/ | R23: 2026-08-27
A24: TBD-150 | B24: American Indian Chamber of Commerce of New Mexico | C24: NM | D24: regional | E24: AICCNM Member Directory | F24: Regional chamber directory | G24: Cross-Reference | H24: Complementary | I24: Static DOM scrape | J24: Long-form HTML directory | K24: A | L24: 4 | M24: Monthly | O24: American Indian Chamber of Commerce of New Mexico | P24: High | Q24: https://www.aiccnm.com/member-directory | R24: 2026-08-27
A25: TBD-149 | B25: Wisconsin & Midwest Native Entrepreneurs Directory | C25: WI / Midwest | D25: regional | E25: Native Biz Directory | F25: Regional Native-owned business directory | G25: Cross-Reference | H25: Complementary | I25: Static or category-aware DOM scrape | J25: HTML directory | K25: A | L25: 4 | M25: Monthly | N25: 100+ | O25: Wisconsin Indigenous economic-development initiative | P25: Medium | Q25: https://nativebizdirectory.com/index.html | R25: 2026-08-27
A26: TBD-070 | B26: First Peoples Fund | C26: National | D26: national | E26: Artist Directory | F26: Artist directory | G26: Cross-Reference | H26: Complementary | I26: Directory scrape | J26: HTML | K26: A | L26: 4 | M26: Quarterly | O26: Native nonprofit | P26: Medium | Q26: https://www.firstpeoplesfund.org/about/artists-directory | R26: 2026-08-27
A27: TBD-068 | B27: Texas Native Health | C27: TX | D27: regional | E27: Native-Owned Business Directory | F27: Cross-tribal directory | G27: Cross-Reference | H27: Complementary | I27: Static/dynamic DOM scrape | J27: HTML | K27: A | L27: 4 | M27: Quarterly | O27: Native nonprofit | P27: Medium | Q27: https://texasnativehealth.org/native-owned-business-directory/ | R27: 2026-08-27
A28: TBD-064 | B28: United South and Eastern Tribes | C28: Regional | D28: regional | E28: Tribal Enterprise Directory | F28: Cross-tribal directory | G28: Cross-Reference | H28: Complementary | I28: Directory scrape | J28: HTML / directory | K28: A | L28: 4 | M28: Quarterly | N28: 600+ | O28: USET Sovereignty Protection Fund | P28: High | Q28: https://www.usetinc.org/departments/economic-development/tribal-enterprise-directory/ | R28: 2026-08-27
A29: TBD-063 | B29: U.S. Indian Arts and Crafts Board | C29: National | D29: national | E29: Source Directory of American Indian and Alaska Native Owned and Operated Arts and Crafts Businesses | F29: Cross-tribal directory | G29: Cross-Reference | H29: Complementary | I29: Structured directory scrape | J29: HTML / directory | K29: A | L29: 4 | M29: Quarterly | N29: 500+ | O29: U.S. Department of the Interior | P29: High | Q29: https://www.doi.gov/iacb/source-directory-arts-and-crafts-businesses | R29: 2026-08-27
A30: TBD-145 | B30: Minnesota Office of State Procurement | C30: MN | D30: regional | E30: TG/ED/VO Certified Vendor Directory: Indigenous American Category | F30: State certified-vendor directory | G30: Cross-Reference | H30: Complementary | I30: Direct CSV download filtered to category I | J30: Searchable HTML plus CSV | K30: A+ | L30: 5 | M30: Monthly | O30: State of Minnesota Department of Administration | P30: High | Q30: https://mn.gov/admin/osp/about-us/state-government/procuregoodsandgeneralservices/tgedvo-directory/ | R30: 2026-08-27
A31: TBD-028 | B31: Keweenaw Bay Indian Community | C31: MI | D31: single_nation | E31: Tribal Member-Owned Business Directory | F31: Member-owned directory | G31: Tribal Secondary | H31: Historical | I31: Historical archive parse; contact program | J31: PDF newsletter | K31: D | L31: 1 | M31: Annual | O31: Official tribal newsletter | P31: High | Q31: https://www.kbic-nsn.gov/wp-content/uploads/2025/03/September2004.pdf | R31: 2026-08-28
A32: TBD-027 | B32: Catawba Nation | C32: SC | D32: single_nation | E32: Tribal Member Owned Businesses Directory | F32: Member-owned directory | G32: Tribal Secondary | H32: Historical | I32: Monitor/search; contact economic development | J32: Unknown | K32: D | L32: 1 | M32: Semiannual | O32: Historical official/state reference | P32: Low | Q32: https://www.catawba.com/ | R32: 2026-08-27
A33: TBD-020 | B33: Citizen Potawatomi Nation | C33: OK | D33: single_nation | E33: Tribal Member Businesses | F33: Member-owned directory | G33: Tribal Secondary | H33: Historical | I33: Image archive plus manual extraction | J33: Image / redirect | K33: C | L33: 2 | M33: Semiannual | O33: Official tribal news | P33: Low | Q33: https://cpn.news/business | R33: 2026-08-27
A34: TBD-178 | B34: Tanana Chiefs Conference (Interior Alaska regional consortium) | C34: AK | D34: regional | E34: TCC TERO Indian-owned vendor listing (42 member villages) | F34: Consortium TERO / certified procurement | G34: Tribal Partnership | H34: Lead | I34: Request directly from TCC TERO | J34: Program page; list not posted | K34: D | L34: 1 | M34: Quarterly | O34: Tanana Chiefs Conference TERO | P34: Medium | Q34: https://www.tananachiefs.org/services/job-training/tero/ | R34: 2026-08-28
A35: TBD-167 | B35: Nisqually Indian Tribe | C35: WA | D35: single_nation | E35: Nisqually NAOB Registry (TERO certified Native American Owned Businesses) | F35: TERO / certified procurement | G35: Tribal Partnership | H35: Lead | I35: Request directly from TERO | J35: PDF references; list not posted | K35: D | L35: 1 | M35: Quarterly | O35: Nisqually TERO | P35: Medium | Q35: http://www.nisqually-nsn.gov/files/4716/2388/4801/TERO_Orientation.pdf | R35: 2026-08-27
A36: TBD-161 | B36: American Indian Chamber of Commerce of California | C36: CA | D36: regional | E36: AICCCAL Member Businesses | F36: Regional chamber directory | G36: Cross-Reference | H36: Lead | I36: Confirm directory access, then crawl | J36: HTML organization site | K36: D | L36: 1 | M36: Quarterly | O36: American Indian Chamber of Commerce of California | P36: High | Q36: https://aicccal.org/ | R36: 2026-08-27
A37: TBD-121 | B37: Squaxin Island Tribe | C37: WA | D37: single_nation | E37: Contractor Registry | F37: Mixed contractor registry | G37: Discovery Only | H37: Lead | I37: Request export or monitor directory publication | J37: HTML plus online form | K37: D | L37: 1 | M37: Semiannual | O37: Official Squaxin Island Tribe | P37: High | Q37: https://squaxinisland.org/contractor-registration/ | R37: 2026-08-27
A38: TBD-160 | B38: Osage Nation | C38: OK | D38: single_nation | E38: Tax Commission Registered Vendor Records | F38: Tribal vendor registration | G38: Tribal Partnership | H38: Lead | I38: Partnership request | J38: HTML plus PDF application packet | K38: D | L38: 1 | M38: Quarterly | O38: Official Osage Nation | P38: Medium | Q38: https://www.osagenation-nsn.gov/business | R38: 2026-08-27
A39: TBD-159 | B39: Turtle Mountain Band of Chippewa Indians | C39: ND | D39: single_nation | E39: TERO Indian-Owned Business Certifications | F39: TERO / certified procurement | G39: Tribal Partnership | H39: Lead | I39: Partnership request | J39: HTML tribal code | K39: D | L39: 1 | M39: Quarterly | O39: Official Turtle Mountain Band tribal code | P39: High | Q39: https://www.narf.org/nill/triballaw/us/nsn/tmchippewa/council/code/32.02.010/ | R39: 2026-08-27
A40: TBD-158 | B40: Pascua Yaqui Tribe | C40: AZ | D40: single_nation | E40: TERO Indian Enterprise Qualification Records | F40: TERO / certified procurement | G40: Tribal Partnership | H40: Lead | I40: Partnership request | J40: HTML plus PDF forms | K40: D | L40: 1 | M40: Quarterly | O40: Official Pascua Yaqui Tribe TERO | P40: Medium | Q40: https://www.pascuayaqui-nsn.gov/development-services/tero/ | R40: 2026-08-28
A41: TBD-126 | B41: Ahtna, Inc. | C41: AK | D41: regional | E41: Ahtna Shareholder Businesses | F41: Alaska Native corporation shareholder directory | G41: Cross-Reference | H41: Lead | I41: Request submission export or resolve listing component | J41: HTML plus form | K41: D | L41: 1 | M41: Quarterly | O41: Ahtna, Inc. | P41: High | Q41: https://www.ahtna.com/shareholders/shareholder-businesses/ | R41: 2026-08-27
... A107: TBD-172 | B107: Confederated Tribes of the Chehalis Reservation | C107: WA | D107: single_nation | E107: Chehalis Approved Vendors (Planning Department business-license list) | F107: Tribal business-license vendor list | G107: Discovery Only | H107: Live | I107: Static HTML | J107: Searchable HTML list | K107: B | L107: 3 | M107: Monthly | O107: Chehalis Tribal Planning Department | P107: High | Q107: https://www.chehalistribe.org/departments/planning-department/approved-vendors/ | R107: 2026-08-27
A108: TBD-171 | B108: Pueblo of San Felipe | C108: NM | D108: single_nation | E108: Pueblo of San Felipe Tribal Enterprises page | F108: Tribal enterprise page | G108: Tribal Secondary | H108: Live | I108: Static HTML | J108: HTML page | K108: C | L108: 2 | M108: Quarterly | N108: ≈3 named enterprises | O108: Pueblo of San Felipe | P108: Medium | Q108: https://sfpueblo.com/our-pueblo/tribal-enterprises/ | R108: 2026-08-27
A109: TBD-170 | B109: Pueblo of Pojoaque | C109: NM | D109: single_nation | E109: Pueblo of Pojoaque Business page (corporate enterprises) | F109: Tribal enterprise page | G109: Tribal Secondary | H109: Live | I109: Static HTML | J109: HTML page | K109: C | L109: 2 | M109: Quarterly | N109: ≈4-5 named enterprises | O109: Pueblo of Pojoaque | P109: Medium | Q109: https://pojoaque.org/business/ | R109: 2026-08-27
A110: TBD-169 | B110: Pueblo of Jemez | C110: NM | D110: single_nation | E110: Pueblo of Jemez Business page (tribal enterprises) | F110: Tribal enterprise page | G110: Tribal Secondary | H110: Live | I110: Static HTML | J110: HTML page | K110: C | L110: 2 | M110: Quarterly | N110: ≈4 named enterprises | O110: Pueblo of Jemez | P110: Medium | Q110: https://www.jemezpueblo.org/business/ | R110: 2026-08-27
A111: TBD-166 | B111: Confederated Tribes of Siletz Indians | C111: OR | D111: single_nation | E111: Siletz Tribal Business Directory | F111: Tribal member business directory | G111: Tribal Secondary | H111: Live | I111: Confirm directory endpoint, then crawl | J111: Searchable web directory | K111: C | L111: 2 | M111: Quarterly | O111: Siletz Tribal Business Corporation (CTSI) | P111: Medium | Q111: https://www.stbcorp.net/ | R111: 2026-08-27
A112: TBD-108 | B112: Swinomish Indian Tribal Community | C112: WA | D112: single_nation | E112: Licensed Businesses List | F112: Mixed licensed-business directory | G112: Discovery Only | H112: Live | I112: Monitor landing page and parse current list | J112: HTML plus protected/linked file | K112: C | L112: 2 | M112: Monthly | O112: Official Swinomish Indian Tribal Community | P112: High | Q112: https://www.swinomish-nsn.gov/planning-permitting/page/licensing | R112: 2026-08-27
A113: TBD-130 | B113: Calista Corporation | C113: AK | D113: regional | E113: Calivika Shareholder Directory | F113: Alaska Native corporation shareholder directory | G113: Cross-Reference | H113: Live | I113: Endpoint discovery or browser-assisted crawl | J113: Dynamic directory plus form | K113: B | L113: 3 | M113: Monthly | O113: Calista Corporation | P113: High | Q113: https://www.calistacorp.com/calista-shareholder-business-directory/ | R113: 2026-08-27
A114: TBD-129 | B114: Koniag, Inc. | C114: AK | D114: regional | E114: Shareholder and Descendant Artist and Business Directory | F114: Alaska Native corporation shareholder directory | G114: Cross-Reference | H114: Live | I114: Endpoint discovery or browser-assisted crawl | J114: Dynamic JS directory with category pages | K114: B | L114: 3 | M114: Monthly | O114: Koniag, Inc. | P114: High | Q114: https://koniagbizdirectory.com/ | R114: 2026-08-27
A115: TBD-125 | B115: Bristol Bay Native Corporation | C115: AK | D115: regional | E115: BBNC Shareholder-Owned Business Directory | F115: Alaska Native corporation shareholder directory | G115: Cross-Reference | H115: Live | I115: Endpoint discovery or browser-assisted crawl | J115: Dynamic web directory | K115: B | L115: 3 | M115: Monthly | N115: 220+ | O115: Bristol Bay Native Corporation | P115: High | Q115: https://bbncshareholderbiz.com/ | R115: 2026-08-27
A116: TBD-131 | B116: Bering Straits Native Corporation | C116: AK | D116: regional | E116: Shareholder-Owned Businesses Registry | F116: Alaska Native corporation shareholder directory | G116: Cross-Reference | H116: Live | I116: Category-aware DOM scrape | J116: WordPress directory plus PDF form | K116: A | L116: 4 | M116: Monthly | O116: Bering Straits Native Corporation | P116: High | Q116: https://beringstraits.com/business-registry/ | R116: 2026-08-27
A117: TBD-128 | B117: Afognak Native Corporation | C117: AK | D117: regional | E117: Shareholder-Owned Business and Service Directory | F117: Alaska Native corporation shareholder directory | G117: Cross-Reference | H117: Live | I117: Static DOM scrape | J117: HTML directory plus PDF form | K117: A | L117: 4 | M117: Monthly | O117: Afognak Native Corporation | P117: High | Q117: https://afognak.com/shareholder-businesses/ | R117: 2026-08-27
A118: TBD-127 | B118: Chugach Alaska Corporation | C118: AK | D118: regional | E118: Shareholder Business Directory | F118: Alaska Native corporation shareholder directory | G118: Cross-Reference | H118: Live | I118: Static DOM scrape | J118: HTML cards | K118: A | L118: 4 | M118: Monthly | O118: Chugach Alaska Corporation | P118: High | Q118: https://www.chugach.com/shareholders/shareholder-business-directory | R118: 2026-08-27
A119: TBD-142 | B119: South Puget Intertribal Planning Agency | C119: WA | D119: multi_nation | E119: BENEP Native Business Directory | F119: Intertribal Native-business directory | G119: Tribal Secondary | H119: Live | I119: DOM scrape or endpoint discovery | J119: Dynamic HTML directory | K119: B | L119: 3 | M119: Monthly | O119: Intertribal planning agency | P119: Medium | Q119: https://spipa.org/native-business-directory/ | R119: 2026-08-27
A120: TBD-141 | B120: Menominee Indian Tribe of Wisconsin | C120: WI | D120: single_nation | E120: Menominee Contractors Listing | F120: Tribal contractor directory | G120: Tribal Secondary | H120: Live | I120: Static pagination crawl | J120: Paginated HTML table | K120: A | L120: 4 | M120: Monthly | N120: 23 | O120: Official Menominee Indian Tribe of Wisconsin | P120: High | Q120: https://www.menominee-nsn.gov/BusinessPages/ContractorsListing | R120: 2026-08-27
A121: TBD-140 | B121: Cheyenne River Sioux Tribe / Four Bands Community Fund | C121: SD | D121: single_nation | E121: Four Bands Shop Local Business Directory | F121: Tribe-linked CDFI directory | G121: Tribal Secondary | H121: Live | I121: Category-aware DOM scrape | J121: WordPress directory | K121: A | L121: 4 | M121: Monthly | O121: Four Bands Community Fund, linked by Cheyenne River Sioux Tribe | P121: High | Q121: https://fourbands.org/visit-cheyenne-river/shop-local/ | R121: 2026-08-27
A122: TBD-013 | B122: WAMP Owned / Chappaquiddick Wampanoag | C122: MA | D122: single_nation | E122: WAMP Owned | F122: Member-owned directory | G122: Tribal Secondary | H122: Live | I122: Static DOM scrape | J122: HTML | K122: A | L122: 4 | M122: Quarterly | O122: Tribal/community website | P122: Medium | Q122: https://www.chappaquiddickwampanoagtribe.org/wamp-owned | R122: 2026-08-27
A123: TBD-012 | B123: Bad River Band of Lake Superior Chippewa | C123: WI | D123: single_nation | E123: Business Directory | F123: Mixed local/member directory | G123: Tribal Secondary | H123: Live | I123: HTML table scrape | J123: HTML table | K123: A | L123: 4 | M123: Monthly | O123: Official tribal government | P123: High | Q123: https://www.badriver-nsn.gov/business-directory/ | R123: 2026-08-27
A124: TBD-011 | B124: Red Cliff Band of Lake Superior Chippewa | C124: WI | D124: single_nation | E124: Business Directory | F124: Mixed local/member directory | G124: Tribal Secondary | H124: Live | I124: Static DOM scrape | J124: HTML | K124: A | L124: 4 | M124: Monthly | O124: Official tribal government | P124: High | Q124: https://www.redcliff-nsn.gov/community/tourism/business_directory.php | R124: 2026-08-27
A125: TBD-007 | B125: Pyramid Lake Paiute Tribe | C125: NV | D125: single_nation | E125: Business Directory | F125: Mixed local/member directory | G125: Tribal Secondary | H125: Live | I125: Section-aware DOM scrape | J125: HTML | K125: A | L125: 4 | M125: Monthly | O125: Official tribal government | P125: High | Q125: https://pyramidlake.us/business-directory | R125: 2026-08-27
A126: TBD-082 | B126: Otoe-Missouria Tribe | C126: OK | D126: single_nation | E126: List of Approved Vendors | F126: TERO / certified procurement | G126: Tribal Primary | H126: Live | I126: Discover page endpoint or browser-assisted scrape | J126: Dynamic HTML | K126: C | L126: 2 | M126: Monthly | O126: Official Otoe-Missouria Tribe TERO | P126: Medium | Q126: https://www.omtribe.org/what-we-do/tero/list-of-approved-vendors/ | R126: 2026-08-27
A127: TBD-081 | B127: Pawnee Nation of Oklahoma | C127: OK | D127: single_nation | E127: Certified Indian Preference Business Registry | F127: TERO / certified procurement | G127: Tribal Primary | H127: Live | I127: Discover backing endpoint or browser-assisted scrape | J127: Dynamic web registry | K127: C | L127: 2 | M127: Weekly | N127: 4 | O127: Official Pawnee Nation TERO | P127: High | Q127: https://directory.pawneenationtero.com/ | R127: 2026-08-27
A128: TBD-078 | B128: Choctaw Nation of Oklahoma | C128: OK | D128: single_nation | E128: Choctaw Small Business Directory | F128: Member-owned directory | G128: Tribal Primary | H128: Live | I128: Discover embedded endpoint or use browser-assisted scrape | J128: Dynamic embedded directory | K128: C | L128: 2 | M128: Monthly | O128: Official Choctaw Nation small-business program | P128: High | Q128: https://choctawsmallbusiness.com/business-directory/ | R128: 2026-08-27
A129: TBD-074 | B129: Tohono O’odham Nation | C129: AZ | D129: single_nation | E129: TERO Certified Firms Listing | F129: TERO / certified procurement | G129: Tribal Primary | H129: Live | I129: Image extraction or direct source feed | J129: Image-based web pages | K129: C | L129: 2 | M129: Monthly | O129: Official Tohono O’odham Nation TERO | P129: Medium | Q129: https://www.tonation-nsn.gov/departments/public-safety/tero/tero-information/july-2026-updated-certified-firms-listing-v2_page_1/ | R129: 2026-08-27
A130: TBD-043 | B130: Eastern Band of Cherokee Indians | C130: NC | D130: single_nation | E130: Certified Vendor List | F130: TERO / certified procurement | G130: Tribal Primary | H130: Live | I130: Browser-assisted retrieval | J130: Protected HTML/PDF | K130: C | L130: 2 | M130: Bimonthly | O130: Official EBCI TERO | P130: Medium | Q130: https://ebci-tero.com/vendor-list/ | R130: 2026-08-27
A131: TBD-040 | B131: Oneida Nation | C131: WI | D131: single_nation | E131: Indian Preference Vendor List | F131: TERO / certified procurement | G131: Tribal Primary | H131: Live | I131: API discovery or browser-assisted scrape | J131: Dynamic HTML | K131: C | L131: 2 | M131: Weekly | O131: Official tribal government | P131: Medium | Q131: https://oneida-nsn.gov/business/indian-preference/indian-preference-vendor-list/ | R131: 2026-08-27
A132: TBD-016 | B132: Sault Ste. Marie Tribe of Chippewa Indians | C132: MI | D132: single_nation | E132: Sault Tribe Citizen-Owned Business Directory | F132: Member-owned directory | G132: Tribal Primary | H132: Live | I132: Dynamic page scrape/API discovery | J132: Dynamic web directory | K132: C | L132: 2 | M132: Monthly | O132: Tribal economic-development initiative | P132: Medium | Q132: https://saulttribethrive.com/business-directory/ | R132: 2026-08-27
A133: TBD-076 | B133: Ute Indian Tribe of the Uintah and Ouray Reservation | C133: UT | D133: single_nation | E133: UTERO Indian Preference Firms | F133: TERO / certified procurement | G133: Tribal Primary | H133: Live | I133: Download and parse PDF tables | J133: PDF table | K133: B | L133: 3 | M133: Monthly | N133: 46 | O133: Official Ute Indian Tribe UTERO | P133: High | Q133: https://utetribe.com/wp-content/uploads/2026/04/April20-2026UTERO-IndianPreferenceFirms.pdf | R133: 2026-08-27
A134: TBD-075 | B134: Yurok Tribe | C134: CA | D134: single_nation | E134: TERO List of Contractors and Businesses | F134: TERO / certified procurement | G134: Tribal Primary | H134: Live | I134: Resolve list link and parse current file | J134: HTML plus linked document | K134: B | L134: 3 | M134: Monthly | O134: Official Yurok Tribe TERO | P134: Medium | Q134: https://www.yuroktribe.org/tero | R134: 2026-08-27
A135: TBD-073 | B135: Rosebud Sioux Tribe | C135: SD | D135: single_nation | E135: TECRO Certified Firms Listing | F135: TERO / certified procurement | G135: Tribal Primary | H135: Live | I135: Monitor landing page and parse current PDF | J135: HTML plus PDF | K135: B | L135: 3 | M135: Monthly | O135: Official Rosebud Sioux Tribe TECRO | P135: Medium | Q135: https://www.rst-tecro.org/ | R135: 2026-08-27
A136: TBD-057 | B136: Southern Ute Indian Tribe | C136: CO | D136: single_nation | E136: 2026 Indian Owned Business Listing | F136: TERO / certified procurement | G136: Tribal Primary | H136: Live | I136: Resolve 2026 file; parse table | J136: HTML plus linked document | K136: B | L136: 3 | M136: Monthly | O136: Official tribal government/TERO | P136: High | Q136: https://www.southernute-nsn.gov/justice-and-regulatory/tero/ | R136: 2026-08-27
A137: TBD-053 | B137: Spokane Tribe of Indians | C137: WA | D137: single_nation | E137: Certified Indian Contractor / Local Company Lists | F137: TERO / certified procurement | G137: Tribal Primary | H137: Live | I137: Resolve document links; parse files | J137: HTML plus linked documents | K137: B | L137: 3 | M137: Quarterly | O137: Official tribal government/TERO | P137: Medium | Q137: https://www.spokanetribe.com/government/tero/ | R137: 2026-08-27
A138: TBD-047 | B138: Confederated Tribes of the Colville Reservation | C138: WA | D138: single_nation | E138: Title 10 Certified Contractor List | F138: TERO / certified procurement | G138: Tribal Primary | H138: Live | I138: Resolve list link; parse structured file | J138: HTML plus linked list/PDF | K138: B | L138: 3 | M138: Monthly | O138: Official tribal government/TERO | P138: High | Q138: https://www.colvilletribes.com/tero | R138: 2026-08-27
A139: TBD-046 | B139: Nez Perce Tribe | C139: ID | D139: single_nation | E139: TERO Certified Indian Business List | F139: TERO / certified procurement | G139: Tribal Primary | H139: Live | I139: Landing-page monitor plus PDF parse | J139: HTML plus PDF | K139: B | L139: 3 | M139: Monthly | O139: Official tribal government | P139: Medium | Q139: https://nezperce.org/resources/ | R139: 2026-08-27
A140: TBD-042 | B140: Cherokee Nation | C140: OK | D140: single_nation | E140: TERO Certified Indian-Owned Business Directory | F140: TERO / certified procurement | G140: Tribal Primary | H140: Live | I140: Portal crawl/API discovery | J140: Searchable web portal | K140: B | L140: 3 | M140: Monthly | N140: 700+ | O140: Official Cherokee Nation TERO | P140: Medium | Q140: https://cherokeetero.com/directory | R140: 2026-08-27
A141: TBD-041 | B141: Navajo Nation | C141: AZ/NM/UT | D141: single_nation | E141: Navajo Business Opportunity Act Source List | F141: TERO / certified procurement | G141: Tribal Primary | H141: Live | I141: Landing-page monitor plus PDF parse | J141: PDF | K141: B | L141: 3 | M141: Monthly | O141: Official Navajo Nation economic-development office | P141: High | Q141: https://navajoeconomy.org/business-regulatory/nboa-source-listing/ | R141: 2026-08-27
A142: TBD-038 | B142: Confederated Salish and Kootenai Tribes | C142: MT | D142: single_nation | E142: Indian Preference Certified Business Directory | F142: TERO / certified procurement | G142: Tribal Primary | H142: Live | I142: Landing-page monitor plus PDF parse | J142: PDF linked from HTML | K142: B | L142: 3 | M142: Monthly | O142: Official tribal government/Indian Preference Office | P142: High | Q142: https://cskt.org/indian-preference-office/ | R142: 2026-08-27
A143: TBD-037 | B143: Poarch Band of Creek Indians | C143: AL | D143: single_nation | E143: Certified Business List | F143: TERO / certified procurement | G143: Tribal Primary | H143: Live | I143: Landing-page monitor plus PDF parse | J143: PDF linked from HTML | K143: B | L143: 3 | M143: Monthly | O143: Official tribal government/regulatory affairs | P143: High | Q143: https://pci-nsn.gov/our-government/regulatory-affairs/ | R143: 2026-08-27
A144: TBD-036 | B144: Blackfeet Nation | C144: MT | D144: single_nation | E144: TERO Catalog / Certified Indian Preference Firms | F144: TERO / certified procurement | G144: Tribal Primary | H144: Live | I144: Landing-page monitor plus PDF parse | J144: PDF linked from HTML | K144: B | L144: 3 | M144: Monthly | O144: Official Blackfeet TERO | P144: Medium | Q144: https://btero.com/ | R144: 2026-08-27
A145: TBD-035 | B145: Puyallup Tribe of Indians | C145: WA | D145: single_nation | E145: Indian Preference Contractor Directory | F145: TERO / certified procurement | G145: Tribal Primary | H145: Live | I145: Landing-page monitor plus PDF parse | J145: PDF | K145: B | L145: 3 | M145: Monthly | O145: Official tribal government/TERO | P145: High | Q145: https://www.puyalluptribe-nsn.gov/employment-training-programs-services/tero/ | R145: 2026-08-27
A146: TBD-034 | B146: Confederated Tribes of Warm Springs | C146: OR | D146: single_nation | E146: TERO Certified Contractor List | F146: TERO / certified procurement | G146: Tribal Primary | H146: Live | I146: Download and table-parse PDF | J146: PDF table | K146: B | L146: 3 | M146: Monthly | O146: Tribal list mirrored by Oregon DOT | P146: Medium | Q146: https://www.oregon.gov/odot/business/procurement/pages/forms_tips_and_resources.aspx | R146: 2026-08-28
A147: TBD-033 | B147: Confederated Tribes of the Umatilla Indian Reservation | C147: OR | D147: single_nation | E147: Certified Indian-Owned Business Directory | F147: TERO / certified procurement | G147: Tribal Primary | H147: Live | I147: Download DOCX and parse tables | J147: DOCX linked from HTML | K147: B | L147: 3 | M147: Monthly | O147: Official tribal government/TERO | P147: High | Q147: https://ctuir.org/departments/workforce-development/tero/certified-indian-owned-business-directory/ | R147: 2026-08-27
A148: TBD-019 | B148: Oneida Nation | C148: WI | D148: single_nation | E148: Oneida Arts Program Artist Directory | F148: Artist directory | G148: Tribal Primary | H148: Live | I148: Landing-page crawl | J148: HTML / linked document | K148: B | L148: 3 | M148: Quarterly | O148: Official tribal government | P148: Medium | Q148: https://oneida-nsn.gov/divisions/human-services/our-culture/arts-program-2/ | R148: 2026-08-27
A149: TBD-015 | B149: Salt River Pima-Maricopa Indian Community | C149: AZ | D149: single_nation | E149: Community Member Owned Business Directory / Salt River Business Listings | F149: Member-owned directory | G149: Tribal Primary | H149: Live | I149: Landing-page monitor plus document parse | J149: HTML plus newsletter/PDF | K149: B | L149: 3 | M149: Monthly | O149: Official tribal government | P149: Medium | Q149: https://srpmic-nsn.gov/government/cdd/edd/ | R149: 2026-08-27
A150: TBD-009 | B150: Muckleshoot Indian Tribe | C150: WA | D150: single_nation | E150: Muckleshoot Artist Directory | F150: Artist directory | G150: Tribal Primary | H150: Live | I150: DOM scrape with manual review | J150: HTML / dynamic | K150: B | L150: 3 | M150: Quarterly | O150: Official tribal government | P150: High | Q150: https://www.muckleshoot.nsn.us/artist-directory | R150: 2026-08-27
A151: TBD-120 | B151: Standing Rock Sioux Tribe | C151: ND/SD | D151: single_nation | E151: TERO Indian Preference Certification Hearing Notices | F151: Certification notice series | G151: Tribal Primary | H151: Live | I151: Archive crawl and event extraction | J151: HTML archive posts plus linked images | K151: A | L151: 4 | M151: Monthly | O151: Official Standing Rock Sioux Tribe | P151: High | Q151: https://www.standingrock.org/2024/11/15/11-20-tero-public-hearing-announcement/ | R151: 2026-08-27
A152: TBD-039 | B152: Mandan, Hidatsa and Arikara Nation | C152: ND | D152: single_nation | E152: Certified Indian Contractor Lists | F152: TERO / certified procurement | G152: Tribal Primary | H152: Live | I152: Prefer XLSX; parse PDFs as fallback | J152: HTML plus PDF/XLSX | K152: A | L152: 4 | M152: Monthly | O152: Official MHA TERO | P152: High | Q152: https://mhatero.com/contractor-lists/ | R152: 2026-08-27
A153: TBD-032 | B153: Confederated Tribes of Grand Ronde | C153: OR | D153: single_nation | E153: TERO Certified Contractor List | F153: TERO / certified procurement | G153: Tribal Primary | H153: Live | I153: HTML scrape or PDF table parse | J153: HTML plus PDF | K153: A | L153: 4 | M153: Monthly | N153: ≈82 | O153: Official tribal government/TERO | P153: High | Q153: https://www.grandronde.org/government/tero/ | R153: 2026-08-27
A154: TBD-018 | B154: Chickasaw Nation | C154: OK | D154: single_nation | E154: Chickasaw Business Directory | F154: Member-owned directory | G154: Tribal Primary | H154: Live | I154: Search/category crawl | J154: Searchable HTML | K154: A | L154: 4 | M154: Monthly | N154: 600+ | O154: Official tribal government | P154: High | Q154: https://www.chickasawbusinessnetwork.com/Chickasaw-Business-Directory.aspx | R154: 2026-08-27
A155: TBD-014 | B155: Nez Perce Tribe | C155: ID | D155: single_nation | E155: Itam’yanáawit Business Directory | F155: Member-owned directory | G155: Tribal Primary | H155: Live | I155: Pagination and DOM scrape | J155: WordPress HTML | K155: A | L155: 4 | M155: Monthly | N155: 59 | O155: Official tribal initiative | P155: High | Q155: https://buynezperce.org/business-directory/ | R155: 2026-08-27
A156: TBD-010 | B156: Forest County Potawatomi Community | C156: WI | D156: single_nation | E156: FCP Tribal Member Owned Businesses | F156: Member-owned directory | G156: Tribal Primary | H156: Live | I156: WordPress archive scrape | J156: WordPress HTML | K156: A | L156: 4 | M156: Monthly | O156: Official/tribal commerce site | P156: Medium | Q156: https://shop.fcpotawatomi.com/businesses/ | R156: 2026-08-27
A157: TBD-008 | B157: Pamunkey Indian Tribe | C157: VA | D157: single_nation | E157: Pamunkey Artist Directory | F157: Artist directory | G157: Tribal Primary | H157: Live | I157: Static DOM scrape | J157: HTML | K157: A | L157: 4 | M157: Quarterly | O157: Official tribal government | P157: High | Q157: https://pamunkey.org/artists | R157: 2026-08-27
A158: TBD-005 | B158: Kenaitze Indian Tribe | C158: AK | D158: single_nation | E158: Kenaitze Tribal Member-Owned Businesses | F158: Member-owned directory | G158: Tribal Primary | H158: Live | I158: Static DOM scrape | J158: HTML | K158: A | L158: 4 | M158: Monthly | O158: Official tribal government | P158: High | Q158: https://www.kenaitze.org/tribal-member-services/kenaitze-tribal-member-owned-businesses/ | R158: 2026-08-27
A159: TBD-004 | B159: Wampanoag Tribe of Gay Head (Aquinnah) | C159: MA | D159: single_nation | E159: Business Listing | F159: Member-owned directory | G159: Tribal Primary | H159: Live | I159: Static DOM scrape | J159: HTML | K159: A | L159: 4 | M159: Quarterly | O159: Official tribal government | P159: High | Q159: https://wampanoagtribe-nsn.gov/business-listing | R159: 2026-08-27
A160: TBD-003 | B160: Patawomeck Indian Tribe of Virginia | C160: VA | D160: single_nation | E160: Tribal Member Owned Business Directory | F160: Member-owned directory | G160: Tribal Primary | H160: Live | I160: Static DOM scrape | J160: HTML | K160: A | L160: 4 | M160: Quarterly | N160: 9 | O160: Official tribal website | P160: High | Q160: https://patawomeckindiantribeofvirginia.net/directory | R160: 2026-08-27
A161: TBD-002 | B161: Mechoopda Indian Tribe of Chico Rancheria | C161: CA | D161: single_nation | E161: Businesses Owned by Mechoopda Tribal Members | F161: Member-owned directory | G161: Tribal Primary | H161: Live | I161: Static DOM scrape | J161: HTML | K161: A | L161: 4 | M161: Monthly | O161: Official tribal government | P161: High | Q161: https://www.mechoopda-nsn.gov/businesses-owned-by-mechoopda-tribal-members | R161: 2026-08-27
A162: TBD-001 | B162: Fallon Paiute-Shoshone Tribe | C162: NV | D162: single_nation | E162: Tribal Member Business Directory | F162: Member-owned directory | G162: Tribal Primary | H162: Live | I162: Static DOM scrape | J162: HTML | K162: A | L162: 4 | M162: Quarterly | N162: 4 | O162: Fallon Tribal Development Corporation | P162: Medium | Q162: https://www.ftdc.us/business-ops/tribal-member-business-directory/ | R162: 2026-08-27
A163: TBD-079 | B163: Muscogee (Creek) Nation | C163: OK | D163: single_nation | E163: CESO Certified Vendor List | F163: TERO / certified procurement | G163: Tribal Primary | H163: Live | I163: Prefer direct XLSX download; PDF fallback | J163: XLSX and PDF linked from HTML | K163: A+ | L163: 5 | M163: Weekly | O163: Official Muscogee (Creek) Nation CESO | P163: High | Q163: https://www.muscogeenation.com/department-of-commerce/contracting-and-employment-support-office/ | R163: 2026-08-27
A164: TBD-030 | B164: Tulalip Tribes | C164: WA | D164: single_nation | E164: Native American Owned Business Registry | F164: TERO / certified procurement | G164: Tribal Primary | H164: Live | I164: Direct export or structured HTML | J164: Searchable HTML plus CSV/TXT | K164: A+ | L164: 5 | M164: Weekly | N164: ≈45 | O164: Official Tulalip TERO | P164: High | Q164: https://www.tulaliptero.com/TEROReports/NAOBRegistryAllAll | R164: 2026-08-27
A165: TBD-113 | B165: White Earth Nation | C165: MN | D165: single_nation | E165: TERO Certified Indian-Owned Business Registry | F165: TERO / certified procurement | G165: Tribal Primary | H165: Obtained | I165: Partnership/request | J165: DOCX register + DOCX ordinance (owner-supplied) | K165: N/A - not scraped; supplied | L165: 1 | M165: Semiannual re-ask (certifications expire on rolling dates) | N165: 22 | O165: Official White Earth Nation TERO | P165: High | Q165: https://www.whiteearth.com/divisions/human-services/workforce-center | R165: 2026-08-28
...

Sheet Summary
A1: Tribal Business List Programs — processing summary
A2: Derived from cedar_source_registry/sources.jsonl, wave 5, generated 2026-08-28. One row per source program in the Programs sheet; counts below are formulas over that sheet.
A4: Total programs tracked | B4: =COUNTA(Programs!A2:A175) -> 174
A6: By processing status
A7: Live | B7: =COUNTIF(Programs!H2:H175,"Live") -> 75
A8: Lead | B8: =COUNTIF(Programs!H2:H175,"Lead") -> 56
A9: Complementary | B9: =COUNTIF(Programs!H2:H175,"Complementary") -> 29
A10: Stale | B10: =COUNTIF(Programs!H2:H175,"Stale") -> 10
A11: Historical | B11: =COUNTIF(Programs!H2:H175,"Historical") -> 3
A12: Obtained | B12: =COUNTIF(Programs!H2:H175,"Obtained") -> 1
A14: By priority class
A15: Tribal Primary | B15: =COUNTIF(Programs!G2:G175,"Tribal Primary") -> 48
A16: Tribal Secondary | B16: =COUNTIF(Programs!G2:G175,"Tribal Secondary") -> 21
A17: Tribal Partnership | B17: =COUNTIF(Programs!G2:G175,"Tribal Partnership") -> 53
A18: Cross-Reference | B18: =COUNTIF(Programs!G2:G175,"Cross-Reference") -> 40
A19: Discovery Only | B19: =COUNTIF(Programs!G2:G175,"Discovery Only") -> 6
A20: Coverage Frame | B20: =COUNTIF(Programs!G2:G175,"Coverage Frame") -> 6
A22: By list type (top groups)
A23: TERO / certified procurement | B23: =COUNTIF(Programs!F2:F175,"TERO / certified procurement") -> 68
A24: Member-owned directory | B24: =COUNTIF(Programs!F2:F175,"Member-owned directory") -> 22
A25: Cross-tribal directory | B25: =COUNTIF(Programs!F2:F175,"Cross-tribal directory") -> 8
A26: Alaska Native corporation shareholder directory | B26: =COUNTIF(Programs!F2:F175,"Alaska Native corporation shareholder directory") -> 7
A27: Regional chamber directory | B27: =COUNTIF(Programs!F2:F175,"Regional chamber directory") -> 5
A28: Artist directory | B28: =COUNTIF(Programs!F2:F175,"Artist directory") -> 4
A30: Known list sizes (where a program reports one)
A31: Programs reporting a record count | B31: =COUNT(Programs!N2:N175) -> 9
A32: Sum of reported records | B32: =SUM(Programs!N2:N175) -> 181
A34: Source: Cedar Press source registry (public program metadata only; no business or personal records). Assembled by Lumecon; per-program authority is each nation's own office.
